numWorkers,maxFitness,totalTime,distanceTime,initializationTimeRandom,initializationTimeEmpty,evolutionTime,crossoverTime,mutationTime,fitnessTime
1,5.34729e-07,44828008,20758,65086,15269,44690031,0,0,0
2,5.43925e-07,13468525,18771,93482,16013,13303433,0,0,0
4,5.45541e-07,7047234,18990,115978,16397,6853607,0,0,0
8,5.37193e-07,4911247,19124,190024,17054,4617257,0,0,0
16,5.39857e-07,4658849,32871,222714,19440,4306595,0,0,0
32,5.37428e-07,5479032,47031,204932,30323,5144271,0,0,0
64,5.30505e-07,5965042,56542,213718,35567,5566298,0,0,0
