numWorkers,maxFitness,totalTime,distanceTime,initializationTimeRandom,initializationTimeEmpty,evolutionTime,crossoverTime,mutationTime,fitnessTime
1,5.42216e-07,59462800,32858,72397,24985,59277106,0,0,0
2,5.45365e-07,18422286,33591,144243,24836,18164474,0,0,0
4,5.44127e-07,10981283,45286,219527,31246,10610449,0,0,0
8,5.47796e-07,12285120,58294,395706,32570,11697958,0,0,0
16,5.4102e-07,10932459,58280,419884,37319,10302807,0,0,0
32,5.36978e-07,11957054,120389,443694,58168,11218567,0,0,0
64,5.4183e-07,12328374,109072,411304,71115,11612265,0,0,0
