maxFitness,totalTime,distanceTime,initializationTimeRandom,initializationTimeEmpty,evolutionTime,crossoverTime,mutationTime,fitnessTime
5.39331e-07,59820995,6993,38036,1605,59742659,2355403,17,1167169
5.48308e-07,106964514,20461,92971,5172,106780184,5625751,7082,3398935
