numWorkers,maxFitness,totalTime,distanceTime,initializationTimeRandom,initializationTimeEmpty,evolutionTime,crossoverTime,mutationTime,fitnessTime
1,5.4549e-07,20450713,9380,56648,3318,20347862,0,0,0
2,5.3347e-07,12249484,4867,97173,2169,12105053,0,0,0
4,5.4368e-07,9667698,2611,162307,1712,9442846,0,0,0
8,5.40709e-07,10328429,7583,311236,5904,9928488,0,0,0
16,5.44759e-07,13711953,4450,436940,5776,13098674,0,0,0
32,5.50916e-07,12050921,3731,484270,4930,11404042,0,0,0
64,5.39523e-07,11556975,5662,451682,8082,11015597,0,0,0
